"Abhogi Kanada","abhogi_eng.htm"
"Adana","adana_eng.htm"
"Aheer Bhairav","aheer-bhairav_eng.htm"
"Alhaiya Bilawal","alhaiya_eng.htm"
"Bageshree","bageshree_eng.htm"
"Bahar","bahaar_eng.htm"
"Bairagi","bairagi_eng.htm"
"Bairagi Todi","bairagi-todi_eng.htm"
"Basant","basant_eng.htm"
"Basant Mukhari","basant-mukhari_eng.htm"
"Bhairav","bhairav_eng.htm"
"Bhairavi","bhairavi_eng.htm"
"Bhatiyar","bhatiyar_eng.htm"
"Bheem","bheem_eng.htm"
"Bheempalasi","bheempalasi_eng.htm"
"Bhoopali","bhoopali_eng.htm"
"Bhupal Todi","bhupal-todi_eng.htm"
"Bihag","bihag_eng.htm"
"Bihagda","bihagda_eng.htm"
"Bilaskhani Todi","bilaskhani-todi_eng.htm"
"Chandrakauns","chandra-kauns_eng.htm"
"Charukeshi","charukeshi_eng.htm"
"Chhayanut","chhayanut_eng.htm"
"Darbari Kanada","darbari_kanada_eng.htm"
"Des","des_eng.htm"
"Deshkar","deshkar_eng.htm"
"Desi","desi_eng.htm"
"Dev Gandhar","dev-gandhar_eng.htm"
"Devgiri Bilawal","devgiri-bilawal_eng.htm"
"Devshree","devshree_eng.htm"
"Dhanashree (Bhairavi Ang)","dhanashree_eng.htm"
"Dhani","dhani_eng.htm"
"Durga","durga_eng.htm"
"Gaud Malhar","gaud-malhar_eng.htm"
"Gaud Sarang","gaud-sarang_eng.htm"
"Gauri (Bhairav Ang)","gauri_eng.htm"
"Gopika Basant","gopika-basant_eng.htm"
"Gorakh Kalyan","gorakh-kalyan_eng.htm"
"Gunkali","gunkali_eng.htm"
"Gurjari Todi","gurjari-todi_eng.htm"
"Hameer","hameer_eng.htm"
"Hans Dhwani","hans-dhwani_eng.htm"
"Hans Kinkini","hans-kinkini_eng.htm"
"Harikauns","hari-kauns_eng.htm"
"Hemant","hemant_eng.htm"
"Hemshri","hemshri_eng.htm"
"Hindol","hindol_eng.htm"
"Jaijaivanti","jaijaivanti_eng.htm"
"Jaldhar Kedar","jaldhar-kedar_eng.htm"
"Jaunpuri","jaunpuri_eng.htm"
"Jayat","jayat_eng.htm"
"Jhinjhoti","jhinjhoti_eng.htm"
"Jog","jog_eng.htm"
"Jogeshwari","jogeshwari_eng.htm"
"Pancham Jogeshwari","pancham_jogeshwari_eng.htm"
"Jogiya","jogiya_eng.htm"
"Jogkauns","jogkauns_eng.htm"
"Kafi","kafi_eng.htm"
"Kalawati","kalawati_eng.htm"
"Kamod","kamod_eng.htm"
"Kaushik Dhwani (Bhinn Shadj)","kaushik-dhwani_eng.htm"
"Kausi Kanada","kausi-kanada_eng.htm"
"Kedar","kedar_eng.htm"
"Keerwani","keerwani_eng.htm"
"Khamaj","khamaj_eng.htm"
"Khambavati","khambavati_eng.htm"
"Komal Rishabh Asawari","komal-rishabh-asawari_eng.htm"
"Lalit","lalit_eng.htm"
"Lanka Dahan Sarang","lanka-dahan-sarang_eng.htm"
"Madhukauns","madhukauns_eng.htm"
"Madhumad Sarang","madhumad-sarang_eng.htm"
"Madhuvanti","madhuvanti_eng.htm"
"Malgunji","malgunji_eng.htm"
"Malhar","malhar_eng.htm"
"Malkauns","malkauns_eng.htm"
"Mand","mand_eng.htm"
"Maru Bihag","maru-bihag_eng.htm"
"Marwa","marwa_eng.htm"
"Megh Malhar","megh_eng.htm"
"Mohankauns","mohan-kauns_eng.htm"
"Multani","multani_eng.htm"
"Nand","nand_eng.htm"
"Narayani","narayani_eng.htm"
"Nayaki Kanada","nayaki-kanada_eng.htm"
"Nut-Bhairav","nut-bhairav_eng.htm"
"Parameshwari","parameshwari_eng.htm"
"Patdeep","patdeep_eng.htm"
"Pilu","pilu_eng.htm"
"Puriya","puriya_eng.htm"
"Puriya Dhanashri","puriya-dhanashri_eng.htm"
"Puriya Kalyan","puriya-kalyan_eng.htm"
"Poorvi","purvi_eng.htm"
"Rageshree","rageshree_eng.htm"
"Ramdasi Malhar","ramdasi-malhar_eng.htm"
"Ramkali","ramkali_eng.htm"
"Saalag Varali","salag-varali_eng.htm"
"Sarang (Brindavani Sarang)","vrindavani-sarang_eng.htm"
"Saraswati","saraswati_eng.htm"
"Saraswati Kedar","saraswati-kedar_eng.htm"
"Shahana Kanada","shahana-kanada_eng.htm"
"Shankara","shankara_eng.htm"
"Shivranjani","shivranjani_eng.htm"
"Shobhawari","shobhawari_eng.htm"
"Shree","shriraag_eng.htm"
"Shuddha Kalyan","shuddha-kalyan_eng.htm"
"Shuddha Sarang","shuddha-sarang_eng.htm"
"Shyam Kalyan","shyam-kalyan_eng.htm"
"Sindhura","sindhura_eng.htm"
"Sohani","sohani_eng.htm"
"Suha Sughrai","suha-sughrai_eng.htm"
"Sundarkali","sundarkali_eng.htm"
"Sundarkauns","sundar-kauns_eng.htm"
"Surdasi Malhar","surdasi-malhar_eng.htm"
"Tilak Kamod","tilak-kamod_eng.htm"
"Tilang","tilang_eng.htm"
"Tilang Bahar","tilang-bahar_eng.htm"
"Todi","todi_eng.htm"
"Vachaspati","vachaspati_eng.htm"
"Vibhas","vibhas_eng.htm"
"Yaman","yaman_eng.htm"
